"State","DivisionId","DivisionAb","DivisionName","PartyAb","CandidateSurname","Votes"
"ACT",318,"BEAN","Bean","AUP","FAULKNER",2722
"ACT",318,"BEAN","Bean","LP","COCKS",29223
"ACT",318,"BEAN","Bean","GAP","RUSHTON",929
"ACT",318,"BEAN","Bean","LDP","DONNELLY",2540
"ACT",318,"BEAN","Bean","GRN","DAVIS",12168
"ACT",318,"BEAN","Bean","UAPP","HANLEY",2227
"ACT",318,"BEAN","Bean","ALP","SMITH",35447
"ACT",318,"BEAN","Bean","","Informal",5043
"ACT",318,"BEAN","Bean","IND","CHRISTIE",7683
"ACT",101,"CANB","Canberra","AUP","KNIGHT",1784
"ACT",101,"CANB","Canberra","GRN","HOLLO",20144
"ACT",101,"CANB","Canberra","","Informal",1904
"ACT",101,"CANB","Canberra","UAPP","DE MAINE",1361
"ACT",101,"CANB","Canberra","LP","ZAKI",24063
"ACT",101,"CANB","Canberra","ALP","PAYNE",34989
"ACT",101,"CANB","Canberra","IND","BOHM",4062
"ACT",102,"FENN","Fenner","","Informal",2669
"ACT",102,"FENN","Fenner","ALP","LEIGH",38864
"ACT",102,"FENN","Fenner","UAPP","HODGSON",3529
"ACT",102,"FENN","Fenner","GRN","BRADDOCK",12492
"ACT",102,"FENN","Fenner","LP","CASTLEY",30025
"ACT",102,"FENN","Fenner","AUP","RATLHAGANE",1723
"NSW",103,"BANK","Banks","ALP","GAMBIAN",33341
"NSW",103,"BANK","Banks","UAPP","WRIGHT",2029
"NSW",103,"BANK","Banks","AJP","THAKUR",1688
"NSW",103,"BANK","Banks","LP","COLEMAN",46709
"NSW",103,"BANK","Banks","CDP","HO",2624
"NSW",103,"BANK","Banks","","Informal",7115
"NSW",103,"BANK","Banks","GRN","DRAGONE",5339
"NSW",104,"BART","Barton","","Informal",9473
"NSW",104,"BART","Barton","ON","POLLARD",3288
"NSW",104,"BART","Barton","GRN","PARISSIS",8123
"NSW",104,"BART","Barton","ALP","BURNEY",44227
"NSW",104,"BART","Barton","UAPP","LIU",2057
"NSW",104,"BART","Barton","LP","SHRESTHA",30109
"NSW",104,"BART","Barton","CDP","SUSILO",2103
"NSW",105,"BENN","Bennelong","LP","ALEXANDER",48942
"NSW",105,"BENN","Bennelong","CDP","WORSLEY",3588
"NSW",105,"BENN","Bennelong","","Informal",5237
"NSW",105,"BENN","Bennelong","GRN","ZHANG",9116
"NSW",105,"BENN","Bennelong","ALP","OWLER",32769
"NSW",105,"BENN","Bennelong","UAPP","MARKS",1890
"NSW",106,"BERO","Berowra","","Informal",6423
"NSW",106,"BERO","Berowra","IND","GALLAGHER",2104
"NSW",106,"BERO","Berowra","IND","WOODWARD",495
"NSW",106,"BERO","Berowra","FUT","CLARKE",1465
"NSW",106,"BERO","Berowra","SPP","THOMAS",1425
"NSW",106,"BERO","Berowra","ALP","GOMPERTZ",19821
"NSW",106,"BERO","Berowra","GRN","TAN",11157
"NSW",106,"BERO","Berowra","UAPP","McLACHLAN",1576
"NSW",106,"BERO","Berowra","LP","LEESER",53741
"NSW",106,"BERO","Berowra","CDP","TAYLOR",2163
"NSW",107,"BLAX","Blaxland","","Informal",12401
"NSW",107,"BLAX","Blaxland","GRN","ROONEY",4329
"NSW",107,"BLAX","Blaxland","ALP","CLARE",46689
"NSW",107,"BLAX","Blaxland","UAPP","ASHRAF",2328
"NSW",107,"BLAX","Blaxland","LP","GUNEY",23289
"NSW",107,"BLAX","Blaxland","CDP","ROWE",4173
"NSW",108,"BRFD","Bradfield","","Informal",4056
"NSW",108,"BRFD","Bradfield","GRN","ADAMS",13177
"NSW",108,"BRFD","Bradfield","ALP","HAVILAND",20361
"NSW",108,"BRFD","Bradfield","SPP","MOLLOY",2826
"NSW",108,"BRFD","Bradfield","UAPP","VERSACE",1772
"NSW",108,"BRFD","Bradfield","LP","FLETCHER",58007
"NSW",109,"CALA","Calare","","Informal",6251
"NSW",109,"CALA","Calare","ASP","ROMANO",18129
"NSW",109,"CALA","Calare","NP","GEE",46632
"NSW",109,"CALA","Calare","GRN","LUKE",6315
"NSW",109,"CALA","Calare","ALP","JENNINGS",23074
"NSW",109,"CALA","Calare","LDP","BISGROVE",4775
"NSW",109,"CALA","Calare","UAPP","CAMERON",3371
"NSW",109,"CALA","Calare","CDP","CHEN",1992
"NSW",111,"CHIF","Chifley","","Informal",9728
"NSW",111,"CHIF","Chifley","IND","KHAN",1581
"NSW",111,"CHIF","Chifley","GRN","ROBERTSON",4604
"NSW",111,"CHIF","Chifley","ALP","HUSIC",49418
"NSW",111,"CHIF","Chifley","UAPP","O'CONNOR",4133
"NSW",111,"CHIF","Chifley","LP","CHETTIPALLY",25411
"NSW",111,"CHIF","Chifley","CDP","GREEN",5859
"NSW",112,"COOK","Cook","","Informal",6141
"NSW",112,"COOK","Cook","ON","CAMERON",3277
"NSW",112,"COOK","Cook","GRN","DOIG",6406
"NSW",112,"COOK","Cook","ALP","O'BRIEN",21718
"NSW",112,"COOK","Cook","UAPP","McSWEYN",1135
"NSW",112,"COOK","Cook","LP","MORRISON",59895
"NSW",112,"COOK","Cook","CDP","BOLLING",1041
"NSW",112,"COOK","Cook","FACN","KELLY",551
"NSW",113,"COWP","Cowper","","Informal",8898
"NSW",113,"COWP","Cowper","IND","OAKESHOTT",25847
"NSW",113,"COWP","Cowper","IND","GREEN",1451
"NSW",113,"COWP","Cowper","NP","CONAGHAN",49668
"NSW",113,"COWP","Cowper","ALP","WOODWARD",14551
"NSW",113,"COWP","Cowper","GRN","EDWARDS",6264
"NSW",113,"COWP","Cowper","UAPP","STEWART",3188
"NSW",113,"COWP","Cowper","AJP","PEARCE",2176
"NSW",113,"COWP","Cowper","CDP","MEADS",2383
"NSW",114,"CUNN","Cunningham","","Informal",6080
"NSW",114,"CUNN","Cunningham","NCP","FLANAGAN",1213
"NSW",114,"CUNN","Cunningham","SPP","GILL",2340
"NSW",114,"CUNN","Cunningham","GRN","HUXTABLE",15196
"NSW",114,"CUNN","Cunningham","ALP","BIRD",46923
"NSW",114,"CUNN","Cunningham","UAPP","YOUNGER",3828
"NSW",114,"CUNN","Cunningham","LP","ATLEE",31177
"NSW",115,"DOBE","Dobell","","Informal",6439
"NSW",115,"DOBE","Dobell","IND","STEPHENSON",3176
"NSW",115,"DOBE","Dobell","GRN","RICKARD",7579
"NSW",115,"DOBE","Dobell","ALP","McBRIDE",42093
"NSW",115,"DOBE","Dobell","UAPP","HARPLEY-CARR",5411
"NSW",115,"DOBE","Dobell","LP","PILON",41326
"NSW",115,"DOBE","Dobell","CDP","GRUNDY",1868
"NSW",117,"EMON","Eden-Monaro","","Informal",7246
"NSW",117,"EMON","Eden-Monaro","IND","SHELDON",2247
"NSW",117,"EMON","Eden-Monaro","NP","WADE",6899
"NSW",117,"EMON","Eden-Monaro","GRN","McGINLAY",8715
"NSW",117,"EMON","Eden-Monaro","ALP","KELLY",38878
"NSW",117,"EMON","Eden-Monaro","UAPP","SINGH",2748
"NSW",117,"EMON","Eden-Monaro","LP","KOTVOJS",36732
"NSW",117,"EMON","Eden-Monaro","IND","HOLGATE",1883
"NSW",117,"EMON","Eden-Monaro","CDP","HARRIS",1157
"NSW",118,"FARR","Farrer","","Informal",9768
"NSW",118,"FARR","Farrer","IND","MILLS",1255
"NSW",118,"FARR","Farrer","IND","MACK",19926
"NSW",118,"FARR","Farrer","GRN","MOSS",4529
"NSW",118,"FARR","Farrer","UAPP","ROSE",4147
"NSW",118,"FARR","Farrer","LDP","ELLIS",1084
"NSW",118,"FARR","Farrer","ALP","DRABSCH",14236
"NSW",118,"FARR","Farrer","SPP","HAMILTON",1429
"NSW",118,"FARR","Farrer","LP","LEY",49316
"NSW",118,"FARR","Farrer","CDP","LANGFIELD",1327
"NSW",119,"FOWL","Fowler","","Informal",12624
"NSW",119,"FOWL","Fowler","GRN","LEE",4633
"NSW",119,"FOWL","Fowler","ALP","HAYES",45627
"NSW",119,"FOWL","Fowler","UAPP","JABBOUR",3624
"NSW",119,"FOWL","Fowler","LP","BLEWITT",25137
"NSW",119,"FOWL","Fowler","CDP","MOCANU",4643
"NSW",120,"GILM","Gilmore","NP","HODGKINSON",13462
"NSW",120,"GILM","Gilmore","ALP","PHILLIPS",38972
"NSW",120,"GILM","Gilmore","UAPP","LESLIGHT",3638
"NSW",120,"GILM","Gilmore","LP","MUNDINE",31427
"NSW",120,"GILM","Gilmore","IND","SCHULTZ",7585
"NSW",120,"GILM","Gilmore","CDP","KOLUKULAPALLY",1853
"NSW",120,"GILM","Gilmore","GRN","McCALLUM",10740
"NSW",120,"GILM","Gilmore","","Informal",5970
"NSW",121,"GRAY","Grayndler","","Informal",4258
"NSW",121,"GRAY","Grayndler","GRN","CASEY",21607
"NSW",121,"GRAY","Grayndler","FUT","MORELLO",2613
"NSW",121,"GRAY","Grayndler","ALP","ALBANESE",48728
"NSW",121,"GRAY","Grayndler","UAPP","KING-ORSBORN",1155
"NSW",121,"GRAY","Grayndler","LP","HENDERSON",20846
"NSW",121,"GRAY","Grayndler","CDP","CAO",865
"NSW",122,"GREE","Greenway","","Informal",6925
"NSW",122,"GREE","Greenway","ABFA","McFARLAND",2072
"NSW",122,"GREE","Greenway","GRN","ATKINS",5256
"NSW",122,"GREE","Greenway","ALP","ROWLAND",43901
"NSW",122,"GREE","Greenway","UAPP","FEENEY",2853
"NSW",122,"GREE","Greenway","LP","GREEN",38759
"NSW",122,"GREE","Greenway","CDP","RAJADURAI",2666
"NSW",124,"HUGH","Hughes","","Informal",5208
"NSW",124,"HUGH","Hughes","GRN","SHAKESPEARE",6631
"NSW",124,"HUGH","Hughes","ALP","STEINWALL",29088
"NSW",124,"HUGH","Hughes","UAPP","KEEP",2366
"NSW",124,"HUGH","Hughes","AJP","CONSTABLE",2439
"NSW",124,"HUGH","Hughes","LP","KELLY",50763
"NSW",124,"HUGH","Hughes","IND","BRYAN",1988
"NSW",124,"HUGH","Hughes","CDP","LIU",2216
"NSW",125,"HUME","Hume","","Informal",7080
"NSW",125,"HUME","Hume","GRN","POWELL",5224
"NSW",125,"HUME","Hume","ALP","CHAMPION",27223
"NSW",125,"HUME","Hume","UAPP","ABDO",4939
"NSW",125,"HUME","Hume","LP","TAYLOR",54589
"NSW",125,"HUME","Hume","CDP","NEBAUER",1906
"NSW",125,"HUME","Hume","IND","KINGSTON",6068
"NSW",125,"HUME","Hume","FACN","HARGRAVES",2493
"NSW",126,"HUNT","Hunter","","Informal",10049
"NSW",126,"HUNT","Hunter","ON","BONDS",22029
"NSW",126,"HUNT","Hunter","NP","ANGUS",23942
"NSW",126,"HUNT","Hunter","SEP","BODDY",687
"NSW",126,"HUNT","Hunter","GRN","MURRAY",7007
"NSW",126,"HUNT","Hunter","ALP","FITZGIBBON",38331
"NSW",126,"HUNT","Hunter","UAPP","DAVIES",4407
"NSW",126,"HUNT","Hunter","AJP","MURPHY",3267
"NSW",126,"HUNT","Hunter","CDP","STRETTON",2356
"NSW",127,"KSMI","Kingsford Smith","","Informal",5805
"NSW",127,"KSMI","Kingsford Smith","GRN","CRUZ",11418
"NSW",127,"KSMI","Kingsford Smith","FUT","JANSSON",1595
"NSW",127,"KSMI","Kingsford Smith","SPP","CAMPBELL",1346
"NSW",127,"KSMI","Kingsford Smith","ALP","THISTLETHWAITE",42629
"NSW",127,"KSMI","Kingsford Smith","UAPP","WATSON",1649
"NSW",127,"KSMI","Kingsford Smith","LP","WILMOT",34380
"NSW",127,"KSMI","Kingsford Smith","CDP","MANSON",1359
"NSW",128,"LIND","Lindsay","","Informal",12135
"NSW",128,"LIND","Lindsay","AFN","SALEAM",1372
"NSW",128,"LIND","Lindsay","GRN","BEST",4781
"NSW",128,"LIND","Lindsay","SPP","BROWN",1326
"NSW",128,"LIND","Lindsay","ALP","BEAMER",34690
"NSW",128,"LIND","Lindsay","UAPP","BUTTEL",2831
"NSW",128,"LIND","Lindsay","IND","TYNDALL",2785
"NSW",128,"LIND","Lindsay","LP","McINTOSH",45247
"NSW",128,"LIND","Lindsay","FACN","LEES",2374
"NSW",128,"LIND","Lindsay","CDP","MOODY-BASEDOW",1997
"NSW",130,"LYNE","Lyne","","Informal",10096
"NSW",130,"LYNE","Lyne","AWP","CARUANA",1676
"NSW",130,"LYNE","Lyne","GRN","WATSON",6589
"NSW",130,"LYNE","Lyne","NP","GILLESPIE",49934
"NSW",130,"LYNE","Lyne","ALP","COSTA",24371
"NSW",130,"LYNE","Lyne","UAPP","BOURKE",4098
"NSW",130,"LYNE","Lyne","LDP","McCRAE",5864
"NSW",130,"LYNE","Lyne","CDP","ZHAO",1493
"NSW",130,"LYNE","Lyne","FACN","GOLDSPRING",1986
"NSW",130,"LYNE","Lyne","IND","MILLER",5169
"NSW",131,"MACA","Macarthur","","Informal",9663
"NSW",131,"MACA","Macarthur","ON","NORMAN",8555
"NSW",131,"MACA","Macarthur","GRN","RIVERA",4397
"NSW",131,"MACA","Macarthur","ALP","FREELANDER",47539
"NSW",131,"MACA","Macarthur","UAPP","MURPHY",2506
"NSW",131,"MACA","Macarthur","AJP","STELLINO",2106
"NSW",131,"MACA","Macarthur","LP","MUNRO",30696
"NSW",131,"MACA","Macarthur","CDP","GENT",3705
"NSW",132,"MACK","Mackellar","","Informal",4857
"NSW",132,"MACK","Mackellar","GRN","WAWN",11283
"NSW",132,"MACK","Mackellar","SPP","DALY",2550
"NSW",132,"MACK","Mackellar","ALP","STEELE",16648
"NSW",132,"MACK","Mackellar","UAPP","LYON",2317
"NSW",132,"MACK","Mackellar","LP","FALINSKI",52088
"NSW",132,"MACK","Mackellar","IND","THOMPSON",11975
"NSW",132,"MACK","Mackellar","CDP","LEVETT",1401
"NSW",133,"MACQ","Macquarie","","Informal",4338
"NSW",133,"MACQ","Macquarie","ALP","TEMPLEMAN",37106
"NSW",133,"MACQ","Macquarie","GRN","LIU",8870
"NSW",133,"MACQ","Macquarie","UAPP","PETTITT",3877
"NSW",133,"MACQ","Macquarie","AJP","KEIGHTLEY",3611
"NSW",133,"MACQ","Macquarie","LP","RICHARDS",43487
"NSW",315,"MCMA","McMahon","GRN","O'NEILL",4218
"NSW",315,"MCMA","McMahon","ON","COMMANE",7046
"NSW",315,"MCMA","McMahon","","Informal",11731
"NSW",315,"MCMA","McMahon","CDP","FRANCIS",3008
"NSW",315,"MCMA","McMahon","ALP","BOWEN",39351
"NSW",315,"MCMA","McMahon","LP","SINGHA",28441
"NSW",315,"MCMA","McMahon","UAPP","WRIGHTSON",3329
"NSW",134,"MITC","Mitchell","","Informal",5234
"NSW",134,"MITC","Mitchell","GRN","MURPHY",7955
"NSW",134,"MITC","Mitchell","ALP","SELVARAJ",23618
"NSW",134,"MITC","Mitchell","UAPP","HOPPENBROUWER",2705
"NSW",134,"MITC","Mitchell","LP","HAWKE",61202
"NSW",134,"MITC","Mitchell","CDP","HALL",3156
"NSW",135,"NENG","New England","","Informal",7120
"NSW",135,"NENG","New England","IND","TABER",3702
"NSW",135,"NENG","New England","IND","BLAKESTER",13804
"NSW",135,"NENG","New England","NP","JOYCE",53348
"NSW",135,"NENG","New England","GRN","LONERGAN",4311
"NSW",135,"NENG","New England","ALP","LANGENBERG",12410
"NSW",135,"NENG","New England","UAPP","DUNCAN",4459
"NSW",135,"NENG","New England","IND","LEDGER",3071
"NSW",135,"NENG","New England","CDP","COLLINS",2215
"NSW",136,"NEWC","Newcastle","","Informal",6014
"NSW",136,"NEWC","Newcastle","GRN","MACKENZIE",16038
"NSW",136,"NEWC","Newcastle","ALP","CLAYDON",47137
"NSW",136,"NEWC","Newcastle","UAPP","SCULLY",3471
"NSW",136,"NEWC","Newcastle","LP","WARK",30107
"NSW",136,"NEWC","Newcastle","AJP","BROLLO",3300
"NSW",136,"NEWC","Newcastle","CDP","WISE",1928
"NSW",136,"NEWC","Newcastle","GAP","FUTTER",1086
"NSW",137,"NSYD","North Sydney","","Informal",4077
"NSW",137,"NSYD","North Sydney","GRN","KEOGH",13193
"NSW",137,"NSYD","North Sydney","SPP","GRAHAM",1831
"NSW",137,"NSYD","North Sydney","ALP","STONE",24289
"NSW",137,"NSYD","North Sydney","UAPP","VAGG",1249
"NSW",137,"NSYD","North Sydney","LP","ZIMMERMAN",50319
"NSW",137,"NSYD","North Sydney","IND","CHESTERFIELD-EVANS",4295
"NSW",137,"NSYD","North Sydney","CDP","VERNON",1660
"NSW",138,"PAGE","Page","IND","LEVINY",5240
"NSW",138,"PAGE","Page","NP","HOGAN",53672
"NSW",138,"PAGE","Page","GRN","REID",12634
"NSW",138,"PAGE","Page","ALP","DEEGAN",28507
"NSW",138,"PAGE","Page","UAPP","MUDGE",3460
"NSW",138,"PAGE","Page","AJP","WATERS",2646
"NSW",138,"PAGE","Page","CDP","WALKER",1992
"NSW",138,"PAGE","Page","","Informal",5397
"NSW",139,"PARK","Parkes","","Informal",5847
"NSW",139,"PARK","Parkes","NP","COULTON",47692
"NSW",139,"PARK","Parkes","GRN","PAULL",3921
"NSW",139,"PARK","Parkes","ALP","AYOUB",22135
"NSW",139,"PARK","Parkes","LDP","JONES",7568
"NSW",139,"PARK","Parkes","UAPP","VAN DER STEEN",5906
"NSW",139,"PARK","Parkes","IND","LANDERS",6730
"NSW",140,"PARR","Parramatta","","Informal",7739
"NSW",140,"PARR","Parramatta","SEP","GRENFELL",702
"NSW",140,"PARR","Parramatta","GRN","BRADLEY",6131
"NSW",140,"PARR","Parramatta","ALP","OWENS",38171
"NSW",140,"PARR","Parramatta","UAPP","LOKE",2186
"NSW",140,"PARR","Parramatta","LP","CAMENZULI",34954
"NSW",140,"PARR","Parramatta","CDP","PAYARA",2526
"NSW",249,"PATE","Paterson","ON","TURNER",15269
"NSW",249,"PATE","Paterson","","Informal",6694
"NSW",249,"PATE","Paterson","ALP","SWANSON",44288
"NSW",249,"PATE","Paterson","GRN","DAVIS",7439
"NSW",249,"PATE","Paterson","LP","JOSHI",35059
"NSW",249,"PATE","Paterson","UAPP","BURSTON",3888
"NSW",249,"PATE","Paterson","CDP","VALE",1876
"NSW",144,"REID","Reid","","Informal",6119
"NSW",144,"REID","Reid","GRN","JAGO",7575
"NSW",144,"REID","Reid","ALP","CROSBY",34872
"NSW",144,"REID","Reid","UAPP","LEE",1797
"NSW",144,"REID","Reid","AJP","LAXMANALAL",1861
"NSW",144,"REID","Reid","LP","MARTIN",45288
"NSW",144,"REID","Reid","CDP","PIPER",2335
"NSW",145,"RICH","Richmond","","Informal",8061
"NSW",145,"RICH","Richmond","NP","FRASER",36979
"NSW",145,"RICH","Richmond","GRN","LYON",20384
"NSW",145,"RICH","Richmond","SPP","McDONALD",3154
"NSW",145,"RICH","Richmond","ALP","ELLIOT",31807
"NSW",145,"RICH","Richmond","UAPP","MITCHELL",3913
"NSW",145,"RICH","Richmond","CDP","COX",1338
"NSW",145,"RICH","Richmond","IMO","BARNETT",1179
"NSW",145,"RICH","Richmond","IND","KARAM",1566
"NSW",250,"RIVE","Riverina","","Informal",5489
"NSW",250,"RIVE","Riverina","GRN","BAYLES",6254
"NSW",250,"RIVE","Riverina","NP","McCORMACK",60493
"NSW",250,"RIVE","Riverina","UAPP","FOLEY",10814
"NSW",250,"RIVE","Riverina","ALP","JEFFRESON",23380
"NSW",146,"ROBE","Robertson","","Informal",7493
"NSW",146,"ROBE","Robertson","SPP","SINGER",1719
"NSW",146,"ROBE","Robertson","GRN","CONNOR",7601
"NSW",146,"ROBE","Robertson","ALP","CHARLTON",32761
"NSW",146,"ROBE","Robertson","UAPP","MARKS",2702
"NSW",146,"ROBE","Robertson","AJP","BREMNER YOUNG",2000
"NSW",146,"ROBE","Robertson","LP","WICKS",45011
"NSW",146,"ROBE","Robertson","CDP","STUCKEN",1352
"NSW",146,"ROBE","Robertson","IND","ABRAHAMS",2915
"NSW",148,"SHOR","Shortland","","Informal",6847
"NSW",148,"SHOR","Shortland","GRN","CAMPBELL",8256
"NSW",148,"SHOR","Shortland","ALP","CONROY",41126
"NSW",148,"SHOR","Shortland","SPP","NEWBURY",3097
"NSW",148,"SHOR","Shortland","UAPP","RIFAI",4532
"NSW",148,"SHOR","Shortland","LP","McGILL",37363
"NSW",148,"SHOR","Shortland","AJP","McGRATH",3596
"NSW",148,"SHOR","Shortland","CDP","YU",2010
"NSW",149,"SYDN","Sydney","","Informal",3754
"NSW",149,"SYDN","Sydney","GRN","THOMPSON",17134
"NSW",149,"SYDN","Sydney","FUT","HAMMOND",3240
"NSW",149,"SYDN","Sydney","ALP","PLIBERSEK",46850
"NSW",149,"SYDN","Sydney","UAPP","HOLT",1366
"NSW",149,"SYDN","Sydney","LP","MUNRO",25230
"NSW",149,"SYDN","Sydney","CDP","REDDIN",995
"NSW",151,"WARR","Warringah","","Informal",4897
"NSW",151,"WARR","Warringah","IND","STEGGALL",40034
"NSW",151,"WARR","Warringah","SPP","PALETTO",678
"NSW",151,"WARR","Warringah","GRN","GLANVILLE",5647
"NSW",151,"WARR","Warringah","ALP","HARRIS",6091
"NSW",151,"WARR","Warringah","UAPP","WRIGHTSON",625
"NSW",151,"WARR","Warringah","LP","ABBOTT",35935
"NSW",151,"WARR","Warringah","AJP","BARNES",1291
"NSW",151,"WARR","Warringah","CDP","BLAIKLOCK",461
"NSW",151,"WARR","Warringah","IND","MOYLAN",1111
"NSW",151,"WARR","Warringah","FACN","CLARE",250
"NSW",251,"WATS","Watson","FUT","ZENG",1878
"NSW",251,"WATS","Watson","","Informal",12159
"NSW",251,"WATS","Watson","UAPP","WRIGHTSON",3549
"NSW",251,"WATS","Watson","ALP","BURKE",43550
"NSW",251,"WATS","Watson","GRN","de BHALDRAITHE",5982
"NSW",251,"WATS","Watson","LP","ZAMAN",24769
"NSW",251,"WATS","Watson","CDP","SCHUBERT",4522
"NSW",152,"WENT","Wentworth","","Informal",2771
"NSW",152,"WENT","Wentworth","IND","PHELPS",29109
"NSW",152,"WENT","Wentworth","IND","DRAKE-BROCKMAN",516
"NSW",152,"WENT","Wentworth","GRN","KANAK",6759
"NSW",152,"WENT","Wentworth","ALP","MURRAY",9824
"NSW",152,"WENT","Wentworth","UAPP","BLOOMFIELD",625
"NSW",152,"WENT","Wentworth","LP","SHARMA",42575
"NSW",152,"WENT","Wentworth","CDP","TREACY",346
"NSW",153,"WERR","Werriwa","","Informal",12324
"NSW",153,"WERR","Werriwa","GRN","WESTERBERG",5060
"NSW",153,"WERR","Werriwa","ALP","STANLEY",45002
"NSW",153,"WERR","Werriwa","UAPP","TSIRIPLIS",3957
"NSW",153,"WERR","Werriwa","LP","MILLER",33234
"NSW",153,"WERR","Werriwa","IND","WHITE",2135
"NSW",153,"WERR","Werriwa","CDP","STOREY",4841
"NSW",150,"WHIT","Whitlam","","Informal",8020
"NSW",150,"WHIT","Whitlam","NP","WENTWORTH",26145
"NSW",150,"WHIT","Whitlam","SPP","DAVIS",3678
"NSW",150,"WHIT","Whitlam","GRN","DIXON",9461
"NSW",150,"WHIT","Whitlam","ALP","JONES",50102
"NSW",150,"WHIT","Whitlam","UAPP","CUDA",9071
"NSW",150,"WHIT","Whitlam","CDP","NERO",4214
"NT",306,"LING","Lingiari","UAPP","HODGSON",1367
"NT",306,"LING","Lingiari","","Informal",2575
"NT",306,"LING","Lingiari","RUA","McCARTHY",1380
"NT",306,"LING","Lingiari","ALP","SNOWDON",21698
"NT",306,"LING","Lingiari","GRN","HANNA",3991
"NT",306,"LING","Lingiari","IND","MacFARLANE",2123
"NT",306,"LING","Lingiari","CLP","PRICE",17875
"NT",307,"SOLO","Solomon","","Informal",2518
"NT",307,"SOLO","Solomon","ALP","GOSLING",22057
"NT",307,"SOLO","Solomon","UAPP","RAJWIN",1583
"NT",307,"SOLO","Solomon","GRN","PARISH",6521
"NT",307,"SOLO","Solomon","RUA","GIMINI",1277
"NT",307,"SOLO","Solomon","IND","FRASER-ADAMS",2684
"NT",307,"SOLO","Solomon","CLP","GANLEY",20962
"QLD",304,"BLAI","Blair","","Informal",7765
"QLD",304,"BLAI","Blair","ON","BELL",16114
"QLD",304,"BLAI","Blair","IND","TURNER",2118
"QLD",304,"BLAI","Blair","UAPP","ZIMPEL",3261
"QLD",304,"BLAI","Blair","ALP","NEUMANN",29987
"QLD",304,"BLAI","Blair","GRN","DUNCAN",8325
"QLD",304,"BLAI","Blair","LNP","SHEARMAN",27844
"QLD",304,"BLAI","Blair","DLP","QUINN",2418
"QLD",304,"BLAI","Blair","FACN","FITZPATRICK",2009
"QLD",304,"BLAI","Blair","IND","KARANDREWS",3849
"QLD",310,"BONN","Bonner","ON","SYMES",3771
"QLD",310,"BONN","Bonner","","Informal",2840
"QLD",310,"BONN","Bonner","UAPP","FLITCROFT",2394
"QLD",310,"BONN","Bonner","ALP","BRISKEY",29291
"QLD",310,"BONN","Bonner","FACN","MAYNARD",1105
"QLD",310,"BONN","Bonner","GRN","BELL",11010
"QLD",310,"BONN","Bonner","LNP","VASTA",46616
"QLD",155,"BOWM","Bowman","","Informal",3465
"QLD",155,"BOWM","Bowman","ON","WADSWORTH",7175
"QLD",155,"BOWM","Bowman","ALP","BASTER",26147
"QLD",155,"BOWM","Bowman","UAPP","CLARKE",3540
"QLD",155,"BOWM","Bowman","FACN","ANDERSON",1816
"QLD",155,"BOWM","Bowman","GRN","MOON",11795
"QLD",155,"BOWM","Bowman","LNP","LAMING",47866
"QLD",156,"BRIS","Brisbane","","Informal",2631
"QLD",156,"BRIS","Brisbane","ON","PERRY",2537
"QLD",156,"BRIS","Brisbane","ALP","NEWBURY",24970
"QLD",156,"BRIS","Brisbane","UAPP","WHITTAKER",1420
"QLD",156,"BRIS","Brisbane","GRN","BARTLETT",22807
"QLD",156,"BRIS","Brisbane","LNP","EVANS",48777
"QLD",156,"BRIS","Brisbane","SAL","EMANUEL",714
"QLD",156,"BRIS","Brisbane","FACN","JEANNERET",732
"QLD",157,"CAPR","Capricornia","","Informal",6008
"QLD",157,"CAPR","Capricornia","IND","MURRAY",2211
"QLD",157,"CAPR","Capricornia","KAP","BIRKBECK",3269
"QLD",157,"CAPR","Capricornia","ON","ROTHERY",15105
"QLD",157,"CAPR","Capricornia","ALP","ROBERTSON",21120
"QLD",157,"CAPR","Capricornia","UAPP","STURGEON",3250
"QLD",157,"CAPR","Capricornia","FACN","PRATT",1905
"QLD",157,"CAPR","Capricornia","GRN","BAMBRICK",4307
"QLD",157,"CAPR","Capricornia","LNP","LANDRY",36163
"QLD",157,"CAPR","Capricornia","DLP","TEMPLE",1637
"QLD",158,"DAWS","Dawson","","Informal",6699
"QLD",158,"DAWS","Dawson","ON","LAWSON",11628
"QLD",158,"DAWS","Dawson","KAP","BUNYAN",5619
"QLD",158,"DAWS","Dawson","ALP","HASSAN",18022
"QLD",158,"DAWS","Dawson","UAPP","THOMPSON",4355
"QLD",158,"DAWS","Dawson","FACN","TURNER",1741
"QLD",158,"DAWS","Dawson","GRN","LINDENBERG",4009
"QLD",158,"DAWS","Dawson","LNP","CHRISTENSEN",38164
"QLD",158,"DAWS","Dawson","DLP","WARE",2835
"QLD",158,"DAWS","Dawson","IND","QUEENAN",2478
"QLD",252,"DICK","Dickson","","Informal",4416
"QLD",252,"DICK","Dickson","AJP","BROHMAN",1831
"QLD",252,"DICK","Dickson","IND","PROHASKA",2302
"QLD",252,"DICK","Dickson","UAPP","AUSTIN",2176
"QLD",252,"DICK","Dickson","ON","HALLIWELL",5022
"QLD",252,"DICK","Dickson","FACN","SIMPSON",1044
"QLD",252,"DICK","Dickson","ALP","FRANCE",30370
"QLD",252,"DICK","Dickson","LNP","DUTTON",44528
"QLD",252,"DICK","Dickson","GRN","COYNE",9675
"QLD",159,"FADD","Fadden","","Informal",5019
"QLD",159,"FADD","Fadden","ON","EATHER",8334
"QLD",159,"FADD","Fadden","ALP","STANTON",21882
"QLD",159,"FADD","Fadden","UAPP","KRISCHKER",4968
"QLD",159,"FADD","Fadden","GRN","TURNER",8747
"QLD",159,"FADD","Fadden","LNP","ROBERT",47359
"QLD",159,"FADD","Fadden","FACN","BARBER",1531
"QLD",159,"FADD","Fadden","LDP","WELCH",4391
"QLD",160,"FAIR","Fairfax","","Informal",6715
"QLD",160,"FAIR","Fairfax","IND","AUSTRALIE",1318
"QLD",160,"FAIR","Fairfax","ON","HENSELIN",7661
"QLD",160,"FAIR","Fairfax","SPP","BELCHER",1410
"QLD",160,"FAIR","Fairfax","ALP","McGLONE",20976
"QLD",160,"FAIR","Fairfax","UAPP","COWLING",2987
"QLD",160,"FAIR","Fairfax","GRN","ETHERIDGE",12291
"QLD",160,"FAIR","Fairfax","LNP","O'BRIEN",48451
"QLD",160,"FAIR","Fairfax","FACN","RYAN",1502
"QLD",160,"FAIR","Fairfax","LDP","CADART",1044
"QLD",161,"FISH","Fisher","","Informal",4992
"QLD",161,"FISH","Fisher","LAOL","MONAGHAN",1564
"QLD",161,"FISH","Fisher","ON","PATERSON",8596
"QLD",161,"FISH","Fisher","ALP","PARSELL",22011
"QLD",161,"FISH","Fisher","UAPP","GRAY",3429
"QLD",161,"FISH","Fisher","GRN","BURTON",12289
"QLD",161,"FISH","Fisher","LNP","WALLACE",49567
"QLD",161,"FISH","Fisher","FACN","JESSOP",1592
"QLD",311,"FLYN","Flynn","","Informal",5517
"QLD",311,"FLYN","Flynn","ON","LOHSE",17531
"QLD",311,"FLYN","Flynn","IND","SCOTT",1384
"QLD",311,"FLYN","Flynn","ALP","BEERS",25628
"QLD",311,"FLYN","Flynn","UAPP","HARRIS",3798
"QLD",311,"FLYN","Flynn","LNP","O'DOWD",33894
"QLD",311,"FLYN","Flynn","GRN","BAKER",2744
"QLD",311,"FLYN","Flynn","IND","PETERSON",1994
"QLD",311,"FLYN","Flynn","FACN","HIESLER",2484
"QLD",162,"FORD","Forde","","Informal",4449
"QLD",162,"FORD","Forde","ON","BOWRON",10807
"QLD",162,"FORD","Forde","ALP","HARDMAN",27008
"QLD",162,"FORD","Forde","UAPP","CREIGHTON",3696
"QLD",162,"FORD","Forde","FACN","INNES",2217
"QLD",162,"FORD","Forde","GRN","PETERSEN",7987
"QLD",162,"FORD","Forde","LNP","VAN MANEN",39819
"QLD",163,"GRIF","Griffith","","Informal",2302
"QLD",163,"GRIF","Griffith","ON","DARLINGTON",2109
"QLD",163,"GRIF","Griffith","ALP","BUTLER",30836
"QLD",163,"GRIF","Griffith","UAPP","JULIUS",1444
"QLD",163,"GRIF","Griffith","FACN","MURRAY",850
"QLD",163,"GRIF","Griffith","GRN","CHANDLER-MATHER",23562
"QLD",163,"GRIF","Griffith","LNP","ROBERTS",40816
"QLD",164,"GROO","Groom","","Informal",3160
"QLD",164,"GROO","Groom","ON","KING",12493
"QLD",164,"GROO","Groom","ALP","KAY",17811
"QLD",164,"GROO","Groom","UAPP","LAW",3784
"QLD",164,"GROO","Groom","LNP","McVEIGH",50908
"QLD",164,"GROO","Groom","GRN","NELLIGAN",7598
"QLD",164,"GROO","Groom","FACN","ADRELIUS",2854
"QLD",165,"HERB","Herbert","","Informal",5759
"QLD",165,"HERB","Herbert","AJP","SEVERNS",1585
"QLD",165,"HERB","Herbert","ON","LOHSE",10189
"QLD",165,"HERB","Herbert","KAP","RADECK",9007
"QLD",165,"HERB","Herbert","ALP","O'TOOLE",23393
"QLD",165,"HERB","Herbert","UAPP","DOWLING",5239
"QLD",165,"HERB","Herbert","GRN","BLACKADDER",6721
"QLD",165,"HERB","Herbert","LNP","THOMPSON",34112
"QLD",165,"HERB","Herbert","FACN","DURANT",1671
"QLD",166,"HINK","Hinkler","","Informal",7810
"QLD",166,"HINK","Hinkler","IND","TURAGA",2583
"QLD",166,"HINK","Hinkler","IND","WONE",735
"QLD",166,"HINK","Hinkler","IND","NORMAN",1327
"QLD",166,"HINK","Hinkler","AJP","BYRNES",1391
"QLD",166,"HINK","Hinkler","ON","HUXHAM",13625
"QLD",166,"HINK","Hinkler","ALP","PASCOE",21110
"QLD",166,"HINK","Hinkler","UAPP","ELLUL",4029
"QLD",166,"HINK","Hinkler","GRN","JACKSON",3422
"QLD",166,"HINK","Hinkler","FACN","ERSKINE",1471
"QLD",166,"HINK","Hinkler","LNP","PITT",42374
"QLD",167,"KENN","Kennedy","","Informal",3996
"QLD",167,"KENN","Kennedy","KAP","KATTER",37665
"QLD",167,"KENN","Kennedy","ALP","McGUIRE",15612
"QLD",167,"KENN","Kennedy","UAPP","BERTUCH",6124
"QLD",167,"KENN","Kennedy","FACN","HACKWELL",2532
"QLD",167,"KENN","Kennedy","GRN","BURNESS",4751
"QLD",167,"KENN","Kennedy","LNP","BEVERIDGE",25264
"QLD",168,"LEIC","Leichhardt","","Informal",6160
"QLD",168,"LEIC","Leichhardt","IND","ANDERSON",2562
"QLD",168,"LEIC","Leichhardt","ON","MACDONALD",5428
"QLD",168,"LEIC","Leichhardt","KAP","McCARTHY",7318
"QLD",168,"LEIC","Leichhardt","ALP","FAITH",25846
"QLD",168,"LEIC","Leichhardt","UAPP","SACKLEY",3562
"QLD",168,"LEIC","Leichhardt","GRN","OLIVER",9340
"QLD",168,"LEIC","Leichhardt","LNP","ENTSCH",33753
"QLD",168,"LEIC","Leichhardt","FACN","ASHBY",1976
"QLD",169,"LILL","Lilley","","Informal",3480
"QLD",169,"LILL","Lilley","ON","BELL-HENSELIN",5165
"QLD",169,"LILL","Lilley","ALP","WELLS",34434
"QLD",169,"LILL","Lilley","UAPP","McCLAER",2177
"QLD",169,"LILL","Lilley","GRN","MEYER",13539
"QLD",169,"LILL","Lilley","LNP","CARSWELL",39392
"QLD",169,"LILL","Lilley","SAL","CROOK",743
"QLD",169,"LILL","Lilley","FACN","COLES",1155
"QLD",302,"LONG","Longman","AFN","SCHUBACK",1069
"QLD",302,"LONG","Longman","","Informal",6173
"QLD",302,"LONG","Longman","AUP","YOUNG",965
"QLD",302,"LONG","Longman","ON","THOMSON",13160
"QLD",302,"LONG","Longman","UAPP","MAHER",3344
"QLD",302,"LONG","Longman","ALP","LAMB",33949
"QLD",302,"LONG","Longman","GRN","DEJUN",6684
"QLD",302,"LONG","Longman","FACN","PAULKE",1967
"QLD",302,"LONG","Longman","LNP","YOUNG",38411
"QLD",170,"MARA","Maranoa","","Informal",3813
"QLD",170,"MARA","Maranoa","ON","MOULDEN",13564
"QLD",170,"MARA","Maranoa","KAP","WALLIS",4245
"QLD",170,"MARA","Maranoa","ALP","LITTLE",14427
"QLD",170,"MARA","Maranoa","UAPP","SAUNDERS",3367
"QLD",170,"MARA","Maranoa","GRN","CHIDLEY",3177
"QLD",170,"MARA","Maranoa","LNP","LITTLEPROUD",51950
"QLD",170,"MARA","Maranoa","FACN","CHRISTIANSEN",2030
"QLD",171,"MCPH","McPherson","","Informal",6250
"QLD",171,"MCPH","McPherson","AJP","STEWART",2367
"QLD",171,"MCPH","McPherson","ON","SPELLMAN",5421
"QLD",171,"MCPH","McPherson","ALP","SANTELISES",21138
"QLD",171,"MCPH","McPherson","UAPP","MacKENZIE",3078
"QLD",171,"MCPH","McPherson","FACN","GAFFY",846
"QLD",171,"MCPH","McPherson","GRN","QUINN",10167
"QLD",171,"MCPH","McPherson","LNP","ANDREWS",44634
"QLD",171,"MCPH","McPherson","IND","KAFF",1648
"QLD",171,"MCPH","McPherson","LDP","CROWE",3222
"QLD",172,"MONC","Moncrieff","","Informal",6327
"QLD",172,"MONC","Moncrieff","AJP","FREEMAN",3551
"QLD",172,"MONC","Moncrieff","ON","SIBSON",5920
"QLD",172,"MONC","Moncrieff","ALP","BELL",19822
"QLD",172,"MONC","Moncrieff","UAPP","EILOLA",3419
"QLD",172,"MONC","Moncrieff","FACN","LONG",1152
"QLD",172,"MONC","Moncrieff","GRN","SPAIN",8900
"QLD",172,"MONC","Moncrieff","LNP","BELL",47356
"QLD",172,"MONC","Moncrieff","LDP","GRYPHON",1799
"QLD",173,"MORE","Moreton","","Informal",2799
"QLD",173,"MORE","Moreton","ON","LAWRENCE",3002
"QLD",173,"MORE","Moreton","ALP","PERRETT",31864
"QLD",173,"MORE","Moreton","UAPP","BROWN",2015
"QLD",173,"MORE","Moreton","FACN","NIEASS",1561
"QLD",173,"MORE","Moreton","GRN","O'BRIEN",15189
"QLD",173,"MORE","Moreton","LNP","OWEN",37011
"QLD",174,"OXLE","Oxley","SEP","HEAD",654
"QLD",174,"OXLE","Oxley","ALP","DICK",38501
"QLD",174,"OXLE","Oxley","UAPP","FERGUSON",2368
"QLD",174,"OXLE","Oxley","FACN","MOERLAND",1474
"QLD",174,"OXLE","Oxley","GRN","PURCELL",10535
"QLD",174,"OXLE","Oxley","LNP","BAUER",31290
"QLD",174,"OXLE","Oxley","","Informal",4516
"QLD",174,"OXLE","Oxley","ON","LINDBOM",5701
"QLD",175,"PETR","Petrie","","Informal",3813
"QLD",175,"PETR","Petrie","ON","AAI REDDY",7638
"QLD",175,"PETR","Petrie","ALP","MULHOLLAND",31348
"QLD",175,"PETR","Petrie","UAPP","HOPKINS",3361
"QLD",175,"PETR","Petrie","FACN","FOWLER",1494
"QLD",175,"PETR","Petrie","GRN","KENNEDY",8877
"QLD",175,"PETR","Petrie","LNP","HOWARTH",48879
"QLD",176,"RANK","Rankin","","Informal",7111
"QLD",176,"RANK","Rankin","ON","SCHNEIDER",7261
"QLD",176,"RANK","Rankin","ALP","CHALMERS",35156
"QLD",176,"RANK","Rankin","UAPP","REDDY",3134
"QLD",176,"RANK","Rankin","FACN","ANDREWS",1593
"QLD",176,"RANK","Rankin","GRN","COTTER",7709
"QLD",176,"RANK","Rankin","LNP","PATTISON",26608
"QLD",176,"RANK","Rankin","LDP","DAVIES",2379
"QLD",176,"RANK","Rankin","","MOHAMMAD",1024
"QLD",177,"RYAN","Ryan","","Informal",2369
"QLD",177,"RYAN","Ryan","AJP","WEBB",1854
"QLD",177,"RYAN","Ryan","ON","MILES",2080
"QLD",177,"RYAN","Ryan","ALP","COSSAR",23560
"QLD",177,"RYAN","Ryan","UAPP","CROUCH",1478
"QLD",177,"RYAN","Ryan","GRN","SCHOERMER",19621
"QLD",177,"RYAN","Ryan","LNP","SIMMONDS",46869
"QLD",177,"RYAN","Ryan","FACN","BANKS",964
"QLD",178,"WBAY","Wide Bay","","Informal",4667
"QLD",178,"WBAY","Wide Bay","IND","JEROME",4220
"QLD",178,"WBAY","Wide Bay","ON","VICO",10166
"QLD",178,"WBAY","Wide Bay","ALP","SCANES",20418
"QLD",178,"WBAY","Wide Bay","UAPP","SCHEBELLA",3385
"QLD",178,"WBAY","Wide Bay","GRN","BRYAR",9330
"QLD",178,"WBAY","Wide Bay","LNP","O'BRIEN",44204
"QLD",178,"WBAY","Wide Bay","FACN","SMITH",2149
"QLD",316,"WRIG","Wright","IND","LARKIN",5165
"QLD",316,"WRIG","Wright","","Informal",6269
"QLD",316,"WRIG","Wright","KAP","TOMLINSON",2613
"QLD",316,"WRIG","Wright","ON","O'CALLAGHAN",13576
"QLD",316,"WRIG","Wright","UAPP","WRIGHT",4747
"QLD",316,"WRIG","Wright","ALP","McCREADIE",18155
"QLD",316,"WRIG","Wright","FACN","SMITH",2164
"QLD",316,"WRIG","Wright","GRN","GIRARD",6951
"QLD",316,"WRIG","Wright","LNP","BUCHHOLZ",43522
"SA",179,"ADEL","Adelaide","","Informal",4118
"SA",179,"ADEL","Adelaide","GRN","POCOCK",16853
"SA",179,"ADEL","Adelaide","ALP","GEORGANAS",43163
"SA",179,"ADEL","Adelaide","LP","OSBORN",38753
"SA",179,"ADEL","Adelaide","UAPP","REA",3479
"SA",179,"ADEL","Adelaide","AUD","JAMES",2039
"SA",179,"ADEL","Adelaide","AJP","KANGAS",2894
"SA",180,"BARK","Barker","","Informal",6227
"SA",180,"BARK","Barker","NP","HANNEMANN",2796
"SA",180,"BARK","Barker","GRN","HILLAM",7229
"SA",180,"BARK","Barker","ALP","O'BRIEN",22205
"SA",180,"BARK","Barker","XEN","GLADIGAU",3082
"SA",180,"BARK","Barker","LP","PASIN",61155
"SA",180,"BARK","Barker","UAPP","BACHER",6259
"SA",180,"BARK","Barker","AJP","ECKERMANN",2940
"SA",182,"BOOT","Boothby","","Informal",5453
"SA",182,"BOOT","Boothby","GRN","ROZITIS",13224
"SA",182,"BOOT","Boothby","ALP","CLANCY",38297
"SA",182,"BOOT","Boothby","UAPP","SALERNO",2094
"SA",182,"BOOT","Boothby","LP","FLINT",49973
"SA",182,"BOOT","Boothby","AJP","RUSSELL",2675
"SA",182,"BOOT","Boothby","FACN","CHEOK",868
"SA",182,"BOOT","Boothby","RUA","WONG",603
"SA",182,"BOOT","Boothby","IND","JONES",2843
"SA",183,"GREY","Grey","","Informal",7684
"SA",183,"GREY","Grey","IND","CARMODY",1797
"SA",183,"GREY","Grey","ON","STONE",8990
"SA",183,"GREY","Grey","GRN","CHAMPION",4760
"SA",183,"GREY","Grey","XEN","BROADFOOT",5324
"SA",183,"GREY","Grey","LP","RAMSEY",52392
"SA",183,"GREY","Grey","UAPP","WARREN",3891
"SA",183,"GREY","Grey","AJP","EDGECOMBE",2681
"SA",183,"GREY","Grey","ALP","BOLTON",23612
"SA",185,"HIND","Hindmarsh","","Informal",4924
"SA",185,"HIND","Hindmarsh","FACN","VAID",2052
"SA",185,"HIND","Hindmarsh","GRN","FARRELL",11966
"SA",185,"HIND","Hindmarsh","ALP","BUTLER",46950
"SA",185,"HIND","Hindmarsh","LP","HALL-EVANS",40039
"SA",185,"HIND","Hindmarsh","UAPP","MORRIS",4729
"SA",185,"HIND","Hindmarsh","AJP","KELTY",3219
"SA",186,"KING","Kingston","","Informal",4547
"SA",186,"KING","Kingston","GRN","MORTIER",9764
"SA",186,"KING","Kingston","ALP","RISHWORTH",53655
"SA",186,"KING","Kingston","LP","CURRAN",33650
"SA",186,"KING","Kingston","UAPP","HOSKIN",5270
"SA",186,"KING","Kingston","AJP","SOMERS",3742
"SA",187,"MAKI","Makin","","Informal",5021
"SA",187,"MAKI","Makin","GRN","STEWART",9211
"SA",187,"MAKI","Makin","ALP","ZAPPIA",51666
"SA",187,"MAKI","Makin","LP","DAVE",35087
"SA",187,"MAKI","Makin","UAPP","COLLIS",6874
"SA",187,"MAKI","Makin","AJP","GASTON",3866
"SA",188,"MAYO","Mayo","","Informal",3540
"SA",188,"MAYO","Mayo","GRN","BOURNE",10436
"SA",188,"MAYO","Mayo","ALP","GERHARDY",15390
"SA",188,"MAYO","Mayo","XEN","SHARKIE",38525
"SA",188,"MAYO","Mayo","LP","DOWNER",42426
"SA",188,"MAYO","Mayo","UAPP","CANE",3597
"SA",188,"MAYO","Mayo","AJP","DOWLAND",2302
"SA",325,"SPEN","Spence","IND","HERBERT",5473
"SA",325,"SPEN","Spence","","Informal",6467
"SA",325,"SPEN","Spence","ALP","CHAMPION",51791
"SA",325,"SPEN","Spence","GRN","JURY",7330
"SA",325,"SPEN","Spence","UAPP","FIEDLER",7157
"SA",325,"SPEN","Spence","LP","BOURNE",26252
"SA",325,"SPEN","Spence","AJP","KUHLMANN",3626
"SA",190,"STUR","Sturt","","Informal",6221
"SA",190,"STUR","Sturt","IND","LARCOMBE",2906
"SA",190,"STUR","Sturt","ALP","O'HANLON",32766
"SA",190,"STUR","Sturt","GRN","BOUNDY",12263
"SA",190,"STUR","Sturt","AUP","FULCO",565
"SA",190,"STUR","Sturt","LP","STEVENS",55490
"SA",190,"STUR","Sturt","UAPP","HARDING",2657
"SA",190,"STUR","Sturt","AJP","ROBERTS",1866
"SA",190,"STUR","Sturt","CPP","THOMAS",1219
"TAS",192,"BASS","Bass","","Informal",3240
"TAS",192,"BASS","Bass","LP","ARCHER",29094
"TAS",192,"BASS","Bass","ALP","HART",23878
"TAS",192,"BASS","Bass","AJP","WOODBURY",1667
"TAS",192,"BASS","Bass","NP","COOPER",943
"TAS",192,"BASS","Bass","GRN","HALL",7202
"TAS",192,"BASS","Bass","UAPP","ROARK",3342
"TAS",192,"BASS","Bass","IND","LAMBERT",2607
"TAS",193,"BRAD","Braddon","","Informal",5330
"TAS",193,"BRAD","Braddon","IND","BRAKEY",7619
"TAS",193,"BRAD","Braddon","LP","PEARCE",26513
"TAS",193,"BRAD","Braddon","ALP","KEAY",22434
"TAS",193,"BRAD","Braddon","NP","MILBOURNE",1654
"TAS",193,"BRAD","Braddon","ON","GALLAHER",3879
"TAS",193,"BRAD","Braddon","GRN","PARSONS",3384
"TAS",193,"BRAD","Braddon","UAPP","SPAULDING",2575
"TAS",193,"BRAD","Braddon","IND","SMITH",1203
"TAS",193,"BRAD","Braddon","FACN","ALLAN",712
"TAS",319,"CLAR","Clark","","Informal",1689
"TAS",319,"CLAR","Clark","LP","MARKHAM",11719
"TAS",319,"CLAR","Clark","ALP","McGREGOR",13641
"TAS",319,"CLAR","Clark","GRN","SHAW",6458
"TAS",319,"CLAR","Clark","UAPP","STARKEY",1882
"TAS",319,"CLAR","Clark","IND","WILKIE",33761
"TAS",195,"FRAN","Franklin","","Informal",2284
"TAS",195,"FRAN","Franklin","LP","YOUNG",21969
"TAS",195,"FRAN","Franklin","ALP","COLLINS",30911
"TAS",195,"FRAN","Franklin","GRN","DARKO",11420
"TAS",195,"FRAN","Franklin","UAPP","WINTER",4704
"TAS",195,"FRAN","Franklin","FACN","HAWES",1257
"TAS",196,"LYON","Lyons","","Informal",3427
"TAS",196,"LYON","Lyons","LP","WHELAN",17301
"TAS",196,"LYON","Lyons","ALP","MITCHELL",26091
"TAS",196,"LYON","Lyons","NP","HUTCHINSON",11222
"TAS",196,"LYON","Lyons","ON","MURTAGH",5820
"TAS",196,"LYON","Lyons","GRN","WHISSON",6765
"TAS",196,"LYON","Lyons","UAPP","WARNE",4365
"VIC",197,"ASTO","Aston","","Informal",3829
"VIC",197,"ASTO","Aston","UAPP","SIRIANNI-DUFFY",3611
"VIC",197,"ASTO","Aston","ALP","PETHIYAGODA",29839
"VIC",197,"ASTO","Aston","DLP","KENNEDY",3029
"VIC",197,"ASTO","Aston","GVIC","COOKSON",8867
"VIC",197,"ASTO","Aston","LP","TUDGE",54744
"VIC",198,"BALL","Ballarat","","Informal",4142
"VIC",198,"BALL","Ballarat","IND","SHADY",1829
"VIC",198,"BALL","Ballarat","IND","COLE",107
"VIC",198,"BALL","Ballarat","IND","GRAHAM",1198
"VIC",198,"BALL","Ballarat","IND","DYSON",566
"VIC",198,"BALL","Ballarat","ALP","ALP_BALL",44251
"VIC",198,"BALL","Ballarat","LP","LP_BALL",29879
"VIC",198,"BALL","Ballarat","GRN","GRN_BALL",8479
"VIC",198,"BALL","Ballarat","AJP","AJP_BALL",3519
"VIC",198,"BALL","Ballarat","RUA","RUA_BALL",63
"VIC",198,"BALL","Ballarat","DHJP","DHJP_BALL",142
"VIC",198,"BALL","Ballarat","UAPP","UAPP_BALL",4341
"VIC",200,"BEND","Bendigo","","Informal",4135
"VIC",200,"BEND","Bendigo","ALP","ALP_BEND",42177
"VIC",200,"BEND","Bendigo","LP","LP_BEND",30730
"VIC",200,"BEND","Bendigo","GRN","GRN_BEND",10552
"VIC",200,"BEND","Bendigo","ON","ON_BEND",6039
"VIC",200,"BEND","Bendigo","RUA","RUA_BEND",1414
"VIC",200,"BEND","Bendigo","FACN","FACN_BEND",1608
"VIC",200,"BEND","Bendigo","UAPP","UAPP_BEND",4187
"VIC",201,"BRUC","Bruce","","Informal",5197
"VIC",201,"BRUC","Bruce","ALP","ALP_BRUC",46471
"VIC",201,"BRUC","Bruce","LP","LP_BRUC",34527
"VIC",201,"BRUC","Bruce","GRN","GRN_BRUC",7378
"VIC",201,"BRUC","Bruce","ON","ON_BRUC",984
"VIC",201,"BRUC","Bruce","AJP","AJP_BRUC",70
"VIC",201,"BRUC","Bruce","SPP","SPP_BRUC",64
"VIC",201,"BRUC","Bruce","RUA","RUA_BRUC",278
"VIC",201,"BRUC","Bruce","DHJP","DHJP_BRUC",842
"VIC",201,"BRUC","Bruce","FACN","FACN_BRUC",2159
"VIC",201,"BRUC","Bruce","UAPP","UAPP_BRUC",3967
"VIC",203,"CALW","Calwell","","Informal",7889
"VIC",203,"CALW","Calwell","ALP","ALP_CALW",41682
"VIC",203,"CALW","Calwell","LP","LP_CALW",18600
"VIC",203,"CALW","Calwell","GRN","GRN_CALW",5151
"VIC",203,"CALW","Calwell","CEC","CEC_CALW",2582
"VIC",203,"CALW","Calwell","SEP","SEP_CALW",725
"VIC",203,"CALW","Calwell","FACN","FACN_CALW",1529
"VIC",203,"CALW","Calwell","UAPP","UAPP_CALW",2654
"VIC",203,"CALW","Calwell","VNS","VNS_CALW",3663
"VIC",204,"CASE","Casey","","Informal",6934
"VIC",204,"CASE","Casey","IND","CHARLETON",2302
"VIC",204,"CASE","Casey","IND","FOZARD",0
"VIC",204,"CASE","Casey","IND","VERHOEVEN",0
"VIC",204,"CASE","Casey","ALP","ALP_CASE",28874
"VIC",204,"CASE","Casey","LP","LP_CASE",45586
"VIC",204,"CASE","Casey","DLP","DLP_CASE",2246
"VIC",204,"CASE","Casey","GRN","GRN_CASE",11036
"VIC",204,"CASE","Casey","ON","ON_CASE",45
"VIC",204,"CASE","Casey","AJP","AJP_CASE",3105
"VIC",204,"CASE","Casey","RUA","RUA_CASE",830
"VIC",204,"CASE","Casey","DHJP","DHJP_CASE",3342
"VIC",204,"CASE","Casey","GAP","GAP_CASE",801
"VIC",204,"CASE","Casey","UAPP","UAPP_CASE",2629
"VIC",205,"CHIS","Chisholm","","Informal",4321
"VIC",205,"CHIS","Chisholm","IND","DOBBY",1637
"VIC",205,"CHIS","Chisholm","IND","JANSON",11
"VIC",205,"CHIS","Chisholm","ALP","ALP_CHIS",35254
"VIC",205,"CHIS","Chisholm","LP","LP_CHIS",42712
"VIC",205,"CHIS","Chisholm","DLP","DLP_CHIS",1160
"VIC",205,"CHIS","Chisholm","GRN","GRN_CHIS",10319
"VIC",205,"CHIS","Chisholm","AJP","AJP_CHIS",1215
"VIC",205,"CHIS","Chisholm","SPP","SPP_CHIS",553
"VIC",205,"CHIS","Chisholm","RUA","RUA_CHIS",716
"VIC",205,"CHIS","Chisholm","DHJP","DHJP_CHIS",1390
"VIC",205,"CHIS","Chisholm","REAS","REAS_CHIS",1
"VIC",205,"CHIS","Chisholm","UAPP","UAPP_CHIS",2095
"VIC",320,"COOP","Cooper","","Informal",4870
"VIC",320,"COOP","Cooper","IND","VAN LIESHOUT",1622
"VIC",320,"COOP","Cooper","ALP","ALP_COOP",44067
"VIC",320,"COOP","Cooper","LP","LP_COOP",18432
"VIC",320,"COOP","Cooper","GRN","GRN_COOP",19682
"VIC",320,"COOP","Cooper","AJP","AJP_COOP",2400
"VIC",320,"COOP","Cooper","REAS","REAS_COOP",2026
"VIC",320,"COOP","Cooper","UAPP","UAPP_COOP",1849
"VIC",320,"COOP","Cooper","VNS","VNS_COOP",3968
"VIC",328,"CORA","Corangamite","","Informal",3667
"VIC",328,"CORA","Corangamite","IND","SHADY",6
"VIC",328,"CORA","Corangamite","IND","COLE",4490
"VIC",328,"CORA","Corangamite","IND","GRAHAM",5
"VIC",328,"CORA","Corangamite","IND","DYSON",10
"VIC",328,"CORA","Corangamite","ALP","ALP_CORA",31883
"VIC",328,"CORA","Corangamite","LP","LP_CORA",37768
"VIC",328,"CORA","Corangamite","GRN","GRN_CORA",7763
"VIC",328,"CORA","Corangamite","AJP","AJP_CORA",1910
"VIC",328,"CORA","Corangamite","RUA","RUA_CORA",968
"VIC",328,"CORA","Corangamite","DHJP","DHJP_CORA",2343
"VIC",328,"CORA","Corangamite","UAPP","UAPP_CORA",1944
"VIC",208,"CORI","Corio","","Informal",3648
"VIC",208,"CORI","Corio","ALP","ALP_CORI",47010
"VIC",208,"CORI","Corio","LP","LP_CORI",33426
"VIC",208,"CORI","Corio","GRN","GRN_CORI",12902
"VIC",208,"CORI","Corio","UAPP","UAPP_CORI",5414
"VIC",209,"DEAK","Deakin","","Informal",4329
"VIC",209,"DEAK","Deakin","IND","DOBBY",189
"VIC",209,"DEAK","Deakin","IND","JANSON",1495
"VIC",209,"DEAK","Deakin","ALP","ALP_DEAK",33017
"VIC",209,"DEAK","Deakin","LP","LP_DEAK",48689
"VIC",209,"DEAK","Deakin","DLP","DLP_DEAK",1562
"VIC",209,"DEAK","Deakin","GRN","GRN_DEAK",9480
"VIC",209,"DEAK","Deakin","AJP","AJP_DEAK",1998
"VIC",209,"DEAK","Deakin","RUA","RUA_DEAK",53
"VIC",209,"DEAK","Deakin","DHJP","DHJP_DEAK",3372
"VIC",209,"DEAK","Deakin","REAS","REAS_DEAK",67
"VIC",209,"DEAK","Deakin","UAPP","UAPP_DEAK",2109
"VIC",210,"DUNK","Dunkley","","Informal",5250
"VIC",210,"DUNK","Dunkley","ALP","MURPHY",37301
"VIC",210,"DUNK","Dunkley","UAPP","JEAN",2513
"VIC",210,"DUNK","Dunkley","GVIC","GREEN",8125
"VIC",210,"DUNK","Dunkley","AJP","JOHNSTON",2961
"VIC",210,"DUNK","Dunkley","DHJP","O'CONNELL",5027
"VIC",210,"DUNK","Dunkley","RUA","GENTLE",948
"VIC",210,"DUNK","Dunkley","LP","CREWTHER",38616
"VIC",210,"DUNK","Dunkley","FACN","JAMES",1337
"VIC",211,"FLIN","Flinders","","Informal",6124
"VIC",211,"FLIN","Flinders","IND","DREGER",940
"VIC",211,"FLIN","Flinders","IND","BANKS",13367
"VIC",211,"FLIN","Flinders","ALP","SINCLAIR",23982
"VIC",211,"FLIN","Flinders","UAPP","McSHANE",2447
"VIC",211,"FLIN","Flinders","GVIC","LESSLIE",6599
"VIC",211,"FLIN","Flinders","AJP","PERSSON",2304
"VIC",211,"FLIN","Flinders","IND","BEVERIDGE",948
"VIC",211,"FLIN","Flinders","SPP","SMITH",1072
"VIC",211,"FLIN","Flinders","LP","HUNT",45293
"VIC",321,"FRAS","Fraser","","Informal",4722
"VIC",321,"FRAS","Fraser","IND","TRAN",3623
"VIC",321,"FRAS","Fraser","ALP","ALP_FRAS",47482
"VIC",321,"FRAS","Fraser","LP","LP_FRAS",22391
"VIC",321,"FRAS","Fraser","GRN","GRN_FRAS",12978
"VIC",321,"FRAS","Fraser","GAP","GAP_FRAS",957
"VIC",321,"FRAS","Fraser","UAPP","UAPP_FRAS",6067
"VIC",212,"GELL","Gellibrand","","Informal",3434
"VIC",212,"GELL","Gellibrand","","MOINUDDIN",163
"VIC",212,"GELL","Gellibrand","ALP","ALP_GELL",44692
"VIC",212,"GELL","Gellibrand","LP","LP_GELL",28052
"VIC",212,"GELL","Gellibrand","GRN","GRN_GELL",12640
"VIC",212,"GELL","Gellibrand","AFN","AFN_GELL",465
"VIC",212,"GELL","Gellibrand","UAPP","UAPP_GELL",5155
"VIC",213,"GIPP","Gippsland","","Informal",5320
"VIC",213,"GIPP","Gippsland","ALP","HOLM",22426
"VIC",213,"GIPP","Gippsland","UAPP","BREWER",4257
"VIC",213,"GIPP","Gippsland","NP","CHESTER",52202
"VIC",213,"GIPP","Gippsland","GVIC","FOSKEY",5835
"VIC",213,"GIPP","Gippsland","ASP","SNELLING",6872
"VIC",213,"GIPP","Gippsland","IND","BUCKLEY",3043
"VIC",213,"GIPP","Gippsland","FACN","TICKNER",2043
"VIC",214,"GOLD","Goldstein","","Informal",2244
"VIC",214,"GOLD","Goldstein","IND","CASLEY",1349
"VIC",214,"GOLD","Goldstein","ALP","POLLOCK",28118
"VIC",214,"GOLD","Goldstein","UAPP","CONNOLLY",1945
"VIC",214,"GOLD","Goldstein","GVIC","PENNICUIK",13951
"VIC",214,"GOLD","Goldstein","SPP","HOULT",1653
"VIC",214,"GOLD","Goldstein","LP","WILSON",52320
"VIC",309,"GORT","Gorton","","Informal",5777
"VIC",309,"GORT","Gorton","IND","BINGHAM",2842
"VIC",309,"GORT","Gorton","IND","TRAN",1683
"VIC",309,"GORT","Gorton","ALP","ALP_GORT",45868
"VIC",309,"GORT","Gorton","LP","LP_GORT",24950
"VIC",309,"GORT","Gorton","GRN","GRN_GORT",6628
"VIC",309,"GORT","Gorton","GAP","GAP_GORT",699
"VIC",309,"GORT","Gorton","UAPP","UAPP_GORT",6511
"VIC",326,"HAWK","Hawke","","Informal",5044
"VIC",326,"HAWK","Hawke","IND","BINGHAM",5521
"VIC",326,"HAWK","Hawke","IND","HYNDMAN",298
"VIC",326,"HAWK","Hawke","IND","SHADY",452
"VIC",326,"HAWK","Hawke","IND","GRAHAM",442
"VIC",326,"HAWK","Hawke","ALP","ALP_HAWK",38002
"VIC",326,"HAWK","Hawke","LP","LP_HAWK",25250
"VIC",326,"HAWK","Hawke","GRN","GRN_HAWK",6338
"VIC",326,"HAWK","Hawke","ON","ON_HAWK",1470
"VIC",326,"HAWK","Hawke","AJP","AJP_HAWK",1696
"VIC",326,"HAWK","Hawke","DHJP","DHJP_HAWK",1126
"VIC",326,"HAWK","Hawke","UAPP","UAPP_HAWK",5435
"VIC",215,"HIGG","Higgins","","Informal",2510
"VIC",215,"HIGG","Higgins","IND","O'ROURKE",241
"VIC",215,"HIGG","Higgins","IND","WALLIS",175
"VIC",215,"HIGG","Higgins","ALP","ALP_HIGG",25406
"VIC",215,"HIGG","Higgins","LP","LP_HIGG",45343
"VIC",215,"HIGG","Higgins","GRN","GRN_HIGG",22125
"VIC",215,"HIGG","Higgins","AJP","AJP_HIGG",1718
"VIC",215,"HIGG","Higgins","SPP","SPP_HIGG",1204
"VIC",215,"HIGG","Higgins","RUA","RUA_HIGG",86
"VIC",215,"HIGG","Higgins","UAPP","UAPP_HIGG",1143
"VIC",216,"HOLT","Holt","","Informal",3709
"VIC",216,"HOLT","Holt","IND","FOZARD",3
"VIC",216,"HOLT","Holt","IND","VERHOEVEN",5
"VIC",216,"HOLT","Holt","ALP","ALP_HOLT",43039
"VIC",216,"HOLT","Holt","LP","LP_HOLT",30463
"VIC",216,"HOLT","Holt","GRN","GRN_HOLT",6100
"VIC",216,"HOLT","Holt","ON","ON_HOLT",113
"VIC",216,"HOLT","Holt","AJP","AJP_HOLT",52
"VIC",216,"HOLT","Holt","SPP","SPP_HOLT",1
"VIC",216,"HOLT","Holt","RUA","RUA_HOLT",42
"VIC",216,"HOLT","Holt","DHJP","DHJP_HOLT",71
"VIC",216,"HOLT","Holt","FACN","FACN_HOLT",28
"VIC",216,"HOLT","Holt","UAPP","UAPP_HOLT",5238
"VIC",217,"HOTH","Hotham","","Informal",4609
"VIC",217,"HOTH","Hotham","IND","DOBBY",15
"VIC",217,"HOTH","Hotham","ALP","ALP_HOTH",50816
"VIC",217,"HOTH","Hotham","LP","LP_HOTH",33408
"VIC",217,"HOTH","Hotham","DLP","DLP_HOTH",15
"VIC",217,"HOTH","Hotham","GRN","GRN_HOTH",8947
"VIC",217,"HOTH","Hotham","AJP","AJP_HOTH",103
"VIC",217,"HOTH","Hotham","SPP","SPP_HOTH",1224
"VIC",217,"HOTH","Hotham","RUA","RUA_HOTH",779
"VIC",217,"HOTH","Hotham","DHJP","DHJP_HOTH",17
"VIC",217,"HOTH","Hotham","FACN","FACN_HOTH",1100
"VIC",217,"HOTH","Hotham","UAPP","UAPP_HOTH",3692
"VIC",218,"INDI","Indi","","Informal",4601
"VIC",218,"INDI","Indi","IND","HAINES",32664
"VIC",218,"INDI","Indi","IND","BOCK",0
"VIC",218,"INDI","Indi","IND","HICKS",0
"VIC",218,"INDI","Indi","IND","PARKER",0
"VIC",218,"INDI","Indi","ALP","ALP_INDI",12202
"VIC",218,"INDI","Indi","LP","LP_INDI",35426
"VIC",218,"INDI","Indi","NP","NP_INDI",9539
"VIC",218,"INDI","Indi","GRN","GRN_INDI",4255
"VIC",218,"INDI","Indi","ON","ON_INDI",0
"VIC",218,"INDI","Indi","DHJP","DHJP_INDI",2891
"VIC",218,"INDI","Indi","UAPP","UAPP_INDI",3980
"VIC",219,"ISAA","Isaacs","","Informal",4168
"VIC",219,"ISAA","Isaacs","ALP","ALP_ISAA",43482
"VIC",219,"ISAA","Isaacs","LP","LP_ISAA",34134
"VIC",219,"ISAA","Isaacs","GRN","GRN_ISAA",10720
"VIC",219,"ISAA","Isaacs","ON","ON_ISAA",13
"VIC",219,"ISAA","Isaacs","AJP","AJP_ISAA",3484
"VIC",219,"ISAA","Isaacs","SPP","SPP_ISAA",1
"VIC",219,"ISAA","Isaacs","RUA","RUA_ISAA",1090
"VIC",219,"ISAA","Isaacs","DHJP","DHJP_ISAA",9
"VIC",219,"ISAA","Isaacs","FACN","FACN_ISAA",54
"VIC",219,"ISAA","Isaacs","UAPP","UAPP_ISAA",3861
"VIC",220,"JAGA","Jagajaga","","Informal",3283
"VIC",220,"JAGA","Jagajaga","ALP","ALP_JAGA",42478
"VIC",220,"JAGA","Jagajaga","LP","LP_JAGA",40725
"VIC",220,"JAGA","Jagajaga","DLP","DLP_JAGA",480
"VIC",220,"JAGA","Jagajaga","GRN","GRN_JAGA",14949
"VIC",220,"JAGA","Jagajaga","RUA","RUA_JAGA",1167
"VIC",220,"JAGA","Jagajaga","REAS","REAS_JAGA",437
"VIC",220,"JAGA","Jagajaga","UAPP","UAPP_JAGA",3623
"VIC",221,"KOOY","Kooyong","","Informal",3194
"VIC",221,"KOOY","Kooyong","IND","ZUBAC",539
"VIC",221,"KOOY","Kooyong","IND","YATES",8890
"VIC",221,"KOOY","Kooyong","IND","CHANDLER",669
"VIC",221,"KOOY","Kooyong","IND","DOBBY",51
"VIC",221,"KOOY","Kooyong","ALP","ALP_KOOY",18262
"VIC",221,"KOOY","Kooyong","LP","LP_KOOY",51256
"VIC",221,"KOOY","Kooyong","DLP","DLP_KOOY",35
"VIC",221,"KOOY","Kooyong","GRN","GRN_KOOY",21972
"VIC",221,"KOOY","Kooyong","AJP","AJP_KOOY",1192
"VIC",221,"KOOY","Kooyong","SPP","SPP_KOOY",40
"VIC",221,"KOOY","Kooyong","RUA","RUA_KOOY",16
"VIC",221,"KOOY","Kooyong","DHJP","DHJP_KOOY",48
"VIC",221,"KOOY","Kooyong","UAPP","UAPP_KOOY",1263
"VIC",222,"LALO","Lalor","","Informal",3931
"VIC",222,"LALO","Lalor","","MOINUDDIN",956
"VIC",222,"LALO","Lalor","ALP","ALP_LALO",43183
"VIC",222,"LALO","Lalor","LP","LP_LALO",25187
"VIC",222,"LALO","Lalor","GRN","GRN_LALO",6672
"VIC",222,"LALO","Lalor","AFN","AFN_LALO",3629
"VIC",222,"LALO","Lalor","UAPP","UAPP_LALO",4093
"VIC",223,"LTRO","La Trobe","","Informal",3963
"VIC",223,"LTRO","La Trobe","IND","CHARLETON",0
"VIC",223,"LTRO","La Trobe","IND","FOZARD",198
"VIC",223,"LTRO","La Trobe","IND","VERHOEVEN",227
"VIC",223,"LTRO","La Trobe","ALP","ALP_LTRO",27983
"VIC",223,"LTRO","La Trobe","LP","LP_LTRO",38080
"VIC",223,"LTRO","La Trobe","DLP","DLP_LTRO",0
"VIC",223,"LTRO","La Trobe","GRN","GRN_LTRO",6296
"VIC",223,"LTRO","La Trobe","ON","ON_LTRO",4649
"VIC",223,"LTRO","La Trobe","AJP","AJP_LTRO",1
"VIC",223,"LTRO","La Trobe","SPP","SPP_LTRO",1
"VIC",223,"LTRO","La Trobe","RUA","RUA_LTRO",706
"VIC",223,"LTRO","La Trobe","DHJP","DHJP_LTRO",2570
"VIC",223,"LTRO","La Trobe","FACN","FACN_LTRO",35
"VIC",223,"LTRO","La Trobe","GAP","GAP_LTRO",0
"VIC",223,"LTRO","La Trobe","UAPP","UAPP_LTRO",2443
"VIC",322,"MACN","Macnamara","","Informal",3674
"VIC",322,"MACN","Macnamara","IND","O'ROURKE",867
"VIC",322,"MACN","Macnamara","IND","WALLIS",743
"VIC",322,"MACN","Macnamara","ALP","ALP_MACN",28751
"VIC",322,"MACN","Macnamara","LP","LP_MACN",36095
"VIC",322,"MACN","Macnamara","GRN","GRN_MACN",22552
"VIC",322,"MACN","Macnamara","AJP","AJP_MACN",1803
"VIC",322,"MACN","Macnamara","SPP","SPP_MACN",996
"VIC",322,"MACN","Macnamara","RUA","RUA_MACN",279
"VIC",322,"MACN","Macnamara","UAPP","UAPP_MACN",1129
"VIC",224,"MALL","Mallee","","Informal",12047
"VIC",224,"MALL","Mallee","IND","KINGSTON",8621
"VIC",224,"MALL","Mallee","IND","COLE",0
"VIC",224,"MALL","Mallee","IND","DYSON",390
"VIC",224,"MALL","Mallee","IND","MODICA",8795
"VIC",224,"MALL","Mallee","IND","MOAR",2761
"VIC",224,"MALL","Mallee","ALP","ALP_MALL",16351
"VIC",224,"MALL","Mallee","LP","LP_MALL",20050
"VIC",224,"MALL","Mallee","NP","NP_MALL",26142
"VIC",224,"MALL","Mallee","GRN","GRN_MALL",3620
"VIC",224,"MALL","Mallee","ASP","ASP_MALL",5512
"VIC",224,"MALL","Mallee","CEC","CEC_MALL",416
"VIC",224,"MALL","Mallee","AJP","AJP_MALL",0
"VIC",224,"MALL","Mallee","FUT","FUT_MALL",497
"VIC",224,"MALL","Mallee","RUA","RUA_MALL",919
"VIC",224,"MALL","Mallee","DHJP","DHJP_MALL",0
"VIC",224,"MALL","Mallee","FACN","FACN_MALL",1309
"VIC",224,"MALL","Mallee","UAPP","UAPP_MALL",3475
"VIC",225,"MARI","Maribyrnong","","Informal",3602
"VIC",225,"MARI","Maribyrnong","IND","BLAKE",79
"VIC",225,"MARI","Maribyrnong","ALP","ALP_MARI",43534
"VIC",225,"MARI","Maribyrnong","LP","LP_MARI",33846
"VIC",225,"MARI","Maribyrnong","GRN","GRN_MARI",15255
"VIC",225,"MARI","Maribyrnong","CEC","CEC_MARI",269
"VIC",225,"MARI","Maribyrnong","SEP","SEP_MARI",98
"VIC",225,"MARI","Maribyrnong","AJP","AJP_MARI",125
"VIC",225,"MARI","Maribyrnong","FACN","FACN_MARI",242
"VIC",225,"MARI","Maribyrnong","REAS","REAS_MARI",304
"VIC",225,"MARI","Maribyrnong","UAPP","UAPP_MARI",3257
"VIC",225,"MARI","Maribyrnong","VNS","VNS_MARI",321
"VIC",226,"MCEW","McEwen","","Informal",4527
"VIC",226,"MCEW","McEwen","IND","HYNDMAN",1254
"VIC",226,"MCEW","McEwen","ALP","ALP_MCEW",34668
"VIC",226,"MCEW","McEwen","LP","LP_MCEW",30484
"VIC",226,"MCEW","McEwen","GRN","GRN_MCEW",8251
"VIC",226,"MCEW","McEwen","ON","ON_MCEW",4462
"VIC",226,"MCEW","McEwen","AJP","AJP_MCEW",2132
"VIC",226,"MCEW","McEwen","RUA","RUA_MCEW",228
"VIC",226,"MCEW","McEwen","DHJP","DHJP_MCEW",2752
"VIC",226,"MCEW","McEwen","FACN","FACN_MCEW",59
"VIC",226,"MCEW","McEwen","UAPP","UAPP_MCEW",2841
"VIC",228,"MELB","Melbourne","","Informal",2874
"VIC",228,"MELB","Melbourne","IND","VAN LIESHOUT",38
"VIC",228,"MELB","Melbourne","IND","BLAKE",1075
"VIC",228,"MELB","Melbourne","ALP","ALP_MELB",19520
"VIC",228,"MELB","Melbourne","LP","LP_MELB",19595
"VIC",228,"MELB","Melbourne","GRN","GRN_MELB",44399
"VIC",228,"MELB","Melbourne","AJP","AJP_MELB",1883
"VIC",228,"MELB","Melbourne","REAS","REAS_MELB",4535
"VIC",228,"MELB","Melbourne","UAPP","UAPP_MELB",1082
"VIC",228,"MELB","Melbourne","VNS","VNS_MELB",286
"VIC",229,"MENZ","Menzies","","Informal",3824
"VIC",229,"MENZ","Menzies","IND","DOBBY",427
"VIC",229,"MENZ","Menzies","IND","JANSON",108
"VIC",229,"MENZ","Menzies","ALP","ALP_MENZ",30971
"VIC",229,"MENZ","Menzies","LP","LP_MENZ",51610
"VIC",229,"MENZ","Menzies","DLP","DLP_MENZ",2870
"VIC",229,"MENZ","Menzies","GRN","GRN_MENZ",10274
"VIC",229,"MENZ","Menzies","AJP","AJP_MENZ",480
"VIC",229,"MENZ","Menzies","RUA","RUA_MENZ",105
"VIC",229,"MENZ","Menzies","DHJP","DHJP_MENZ",622
"VIC",229,"MENZ","Menzies","REAS","REAS_MENZ",1524
"VIC",229,"MENZ","Menzies","UAPP","UAPP_MENZ",2459
"VIC",323,"MONA","Monash","","Informal",4132
"VIC",323,"MONA","Monash","IND","FOZARD",2669
"VIC",323,"MONA","Monash","IND","VERHOEVEN",2491
"VIC",323,"MONA","Monash","ALP","ALP_MONA",27168
"VIC",323,"MONA","Monash","LP","LP_MONA",41777
"VIC",323,"MONA","Monash","GRN","GRN_MONA",6519
"VIC",323,"MONA","Monash","ON","ON_MONA",6648
"VIC",323,"MONA","Monash","RUA","RUA_MONA",0
"VIC",323,"MONA","Monash","DHJP","DHJP_MONA",0
"VIC",323,"MONA","Monash","UAPP","UAPP_MONA",3592
"VIC",324,"NICH","Nicholls","","Informal",7679
"VIC",324,"NICH","Nicholls","IND","BOCK",4581
"VIC",324,"NICH","Nicholls","IND","HICKS",1749
"VIC",324,"NICH","Nicholls","IND","PARKER",1772
"VIC",324,"NICH","Nicholls","ALP","ALP_NICH",18493
"VIC",324,"NICH","Nicholls","NP","NP_NICH",48854
"VIC",324,"NICH","Nicholls","GRN","GRN_NICH",4011
"VIC",324,"NICH","Nicholls","ON","ON_NICH",10754
"VIC",324,"NICH","Nicholls","UAPP","UAPP_NICH",5077
"VIC",232,"SCUL","Scullin","","Informal",5055
"VIC",232,"SCUL","Scullin","ALP","GILES",55467
"VIC",232,"SCUL","Scullin","UAPP","HASAN",4625
"VIC",232,"SCUL","Scullin","GVIC","SMITH",6128
"VIC",232,"SCUL","Scullin","AJP","WHITFIELD",3500
"VIC",232,"SCUL","Scullin","LP","SINGH",20484
"VIC",232,"SCUL","Scullin","IND","ALBARRI",1605
"VIC",233,"WANN","Wannon","","Informal",3997
"VIC",233,"WANN","Wannon","IND","COLE",534
"VIC",233,"WANN","Wannon","IND","DYSON",9831
"VIC",233,"WANN","Wannon","ALP","ALP_WANN",26414
"VIC",233,"WANN","Wannon","LP","LP_WANN",52020
"VIC",233,"WANN","Wannon","GRN","GRN_WANN",6885
"VIC",233,"WANN","Wannon","AJP","AJP_WANN",169
"VIC",233,"WANN","Wannon","RUA","RUA_WANN",87
"VIC",233,"WANN","Wannon","DHJP","DHJP_WANN",239
"VIC",233,"WANN","Wannon","UAPP","UAPP_WANN",5644
"VIC",234,"WILL","Wills","","Informal",4171
"VIC",234,"WILL","Wills","ALP","ALP_WILL",41325
"VIC",234,"WILL","Wills","LP","LP_WILL",16857
"VIC",234,"WILL","Wills","GRN","GRN_WILL",24534
"VIC",234,"WILL","Wills","AJP","AJP_WILL",3513
"VIC",234,"WILL","Wills","UAPP","UAPP_WILL",2933
"VIC",234,"WILL","Wills","VNS","VNS_WILL",4215
"WA",235,"BRAN","Brand","","Informal",5928
"WA",235,"BRAN","Brand","GRN","FREEMAN",9863
"WA",235,"BRAN","Brand","AUC","VANDER VEN",2726
"WA",235,"BRAN","Brand","FACN","MILLS",1376
"WA",235,"BRAN","Brand","UAPP","JONES",2570
"WA",235,"BRAN","Brand","WAP","PHELAN",2397
"WA",235,"BRAN","Brand","ALP","KING",35875
"WA",235,"BRAN","Brand","LP","PLEITER",26510
"WA",235,"BRAN","Brand","ON","CARTER",7524
"WA",317,"BURT","Burt","","Informal",6022
"WA",317,"BURT","Burt","IND","NATION",974
"WA",317,"BURT","Burt","ALP","ALP_BURT",34679
"WA",317,"BURT","Burt","LP","LP_BURT",27360
"WA",317,"BURT","Burt","GRN","GRN_BURT",8067
"WA",317,"BURT","Burt","ASP","ASP_BURT",2079
"WA",317,"BURT","Burt","ON","ON_BURT",5141
"WA",317,"BURT","Burt","AUC","AUC_BURT",3100
"WA",317,"BURT","Burt","FACN","FACN_BURT",23
"WA",317,"BURT","Burt","UAPP","UAPP_BURT",1890
"WA",317,"BURT","Burt","WAP","WAP_BURT",1024
"WA",236,"CANN","Canning","","Informal",5757
"WA",236,"CANN","Canning","ALP","ALP_CANN",24525
"WA",236,"CANN","Canning","LP","LP_CANN",43734
"WA",236,"CANN","Canning","GRN","GRN_CANN",6669
"WA",236,"CANN","Canning","ON","ON_CANN",6324
"WA",236,"CANN","Canning","AUC","AUC_CANN",1733
"WA",236,"CANN","Canning","FACN","FACN_CANN",1546
"WA",236,"CANN","Canning","UAPP","UAPP_CANN",2011
"WA",236,"CANN","Canning","WAP","WAP_CANN",2496
"WA",237,"COWA","Cowan","","Informal",6079
"WA",237,"COWA","Cowan","ALP","ALP_COWA",37613
"WA",237,"COWA","Cowan","LP","LP_COWA",39839
"WA",237,"COWA","Cowan","GRN","GRN_COWA",11013
"WA",237,"COWA","Cowan","ASP","ASP_COWA",826
"WA",237,"COWA","Cowan","ON","ON_COWA",4635
"WA",237,"COWA","Cowan","FUT","FUT_COWA",166
"WA",237,"COWA","Cowan","AUC","AUC_COWA",1818
"WA",237,"COWA","Cowan","FLUX","FLUX_COWA",81
"WA",237,"COWA","Cowan","UAPP","UAPP_COWA",2234
"WA",237,"COWA","Cowan","WAP","WAP_COWA",1194
"WA",238,"CURT","Curtin","","Informal",3279
"WA",238,"CURT","Curtin","IND","STEWART",6902
"WA",238,"CURT","Curtin","ALP","ALP_CURT",18568
"WA",238,"CURT","Curtin","LP","LP_CURT",53987
"WA",238,"CURT","Curtin","GRN","GRN_CURT",15289
"WA",238,"CURT","Curtin","ON","ON_CURT",1364
"WA",238,"CURT","Curtin","AUC","AUC_CURT",1007
"WA",238,"CURT","Curtin","UAPP","UAPP_CURT",1285
"WA",238,"CURT","Curtin","WAP","WAP_CURT",1550
"WA",312,"DURA","Durack","","Informal",5146
"WA",312,"DURA","Durack","IND","BUTLAND",354
"WA",312,"DURA","Durack","ALP","ALP_DURA",20542
"WA",312,"DURA","Durack","LP","LP_DURA",40333
"WA",312,"DURA","Durack","NP","NP_DURA",6991
"WA",312,"DURA","Durack","GRN","GRN_DURA",7267
"WA",312,"DURA","Durack","ASP","ASP_DURA",561
"WA",312,"DURA","Durack","ON","ON_DURA",8716
"WA",312,"DURA","Durack","AUC","AUC_DURA",276
"WA",312,"DURA","Durack","UAPP","UAPP_DURA",2464
"WA",312,"DURA","Durack","WAP","WAP_DURA",2979
"WA",239,"FORR","Forrest","","Informal",5360
"WA",239,"FORR","Forrest","IND","MARSDEN",1230
"WA",239,"FORR","Forrest","ALP","ALP_FORR",18951
"WA",239,"FORR","Forrest","LP","LP_FORR",47019
"WA",239,"FORR","Forrest","GRN","GRN_FORR",11506
"WA",239,"FORR","Forrest","ASP","ASP_FORR",2850
"WA",239,"FORR","Forrest","ON","ON_FORR",5333
"WA",239,"FORR","Forrest","UAPP","UAPP_FORR",1551
"WA",239,"FORR","Forrest","WAP","WAP_FORR",1156
"WA",240,"FREM","Fremantle","LP","ROBINS",31862
"WA",240,"FREM","Fremantle","ON","WEARY",3485
"WA",240,"FREM","Fremantle","","Informal",5199
"WA",240,"FREM","Fremantle","GRN","HUTCHINSON",14574
"WA",240,"FREM","Fremantle","SAL","WAINWRIGHT",990
"WA",240,"FREM","Fremantle","AUC","MULDER",1456
"WA",240,"FREM","Fremantle","UAPP","LEVER",1767
"WA",240,"FREM","Fremantle","WAP","KNAPP",2333
"WA",240,"FREM","Fremantle","ALP","WILSON",34636
"WA",305,"HASL","Hasluck","","Informal",5506
"WA",305,"HASL","Hasluck","IND","BUTLAND",387
"WA",305,"HASL","Hasluck","ALP","ALP_HASL",27610
"WA",305,"HASL","Hasluck","LP","LP_HASL",40041
"WA",305,"HASL","Hasluck","NP","NP_HASL",178
"WA",305,"HASL","Hasluck","GRN","GRN_HASL",9786
"WA",305,"HASL","Hasluck","ASP","ASP_HASL",2292
"WA",305,"HASL","Hasluck","ON","ON_HASL",5581
"WA",305,"HASL","Hasluck","AUC","AUC_HASL",1689
"WA",305,"HASL","Hasluck","UAPP","UAPP_HASL",2034
"WA",305,"HASL","Hasluck","WAP","WAP_HASL",1455
"WA",242,"MOOR","Moore","","Informal",5126
"WA",242,"MOOR","Moore","IND","MURPHY",2390
"WA",242,"MOOR","Moore","ALP","ALP_MOOR",24822
"WA",242,"MOOR","Moore","LP","LP_MOOR",51656
"WA",242,"MOOR","Moore","GRN","GRN_MOOR",12101
"WA",242,"MOOR","Moore","ASP","ASP_MOOR",14
"WA",242,"MOOR","Moore","ON","ON_MOOR",4461
"WA",242,"MOOR","Moore","AUC","AUC_MOOR",1446
"WA",242,"MOOR","Moore","UAPP","UAPP_MOOR",1768
"WA",242,"MOOR","Moore","WAP","WAP_MOOR",1647
"WA",243,"OCON","O'Connor","","Informal",6345
"WA",243,"OCON","O'Connor","IND","BUTLAND",17
"WA",243,"OCON","O'Connor","IND","MARSDEN",8
"WA",243,"OCON","O'Connor","ALP","ALP_OCON",19850
"WA",243,"OCON","O'Connor","LP","LP_OCON",40948
"WA",243,"OCON","O'Connor","NP","NP_OCON",12564
"WA",243,"OCON","O'Connor","GRN","GRN_OCON",7853
"WA",243,"OCON","O'Connor","ASP","ASP_OCON",77
"WA",243,"OCON","O'Connor","ON","ON_OCON",8153
"WA",243,"OCON","O'Connor","AUC","AUC_OCON",2551
"WA",243,"OCON","O'Connor","FACN","FACN_OCON",31
"WA",243,"OCON","O'Connor","GAP","GAP_OCON",883
"WA",243,"OCON","O'Connor","UAPP","UAPP_OCON",1812
"WA",243,"OCON","O'Connor","WAP","WAP_OCON",1524
"WA",244,"PEAR","Pearce","","Informal",5539
"WA",244,"PEAR","Pearce","IND","BUTLAND",699
"WA",244,"PEAR","Pearce","ALP","ALP_PEAR",27464
"WA",244,"PEAR","Pearce","LP","LP_PEAR",37540
"WA",244,"PEAR","Pearce","NP","NP_PEAR",281
"WA",244,"PEAR","Pearce","GRN","GRN_PEAR",8442
"WA",244,"PEAR","Pearce","ASP","ASP_PEAR",1647
"WA",244,"PEAR","Pearce","ON","ON_PEAR",5913
"WA",244,"PEAR","Pearce","AUC","AUC_PEAR",1666
"WA",244,"PEAR","Pearce","UAPP","UAPP_PEAR",2265
"WA",244,"PEAR","Pearce","WAP","WAP_PEAR",651
"WA",245,"PERT","Perth","","Informal",4470
"WA",245,"PERT","Perth","ALP","ALP_PERT",32762
"WA",245,"PERT","Perth","LP","LP_PERT",38015
"WA",245,"PERT","Perth","GRN","GRN_PERT",17918
"WA",245,"PERT","Perth","ON","ON_PERT",2655
"WA",245,"PERT","Perth","FUT","FUT_PERT",1163
"WA",245,"PERT","Perth","AUC","AUC_PERT",383
"WA",245,"PERT","Perth","FLUX","FLUX_PERT",521
"WA",245,"PERT","Perth","UAPP","UAPP_PERT",1758
"WA",245,"PERT","Perth","WAP","WAP_PERT",2351
"WA",247,"SWAN","Swan","","Informal",5846
"WA",247,"SWAN","Swan","ALP","ALP_SWAN",31002
"WA",247,"SWAN","Swan","LP","LP_SWAN",42156
"WA",247,"SWAN","Swan","GRN","GRN_SWAN",11311
"WA",247,"SWAN","Swan","ASP","ASP_SWAN",375
"WA",247,"SWAN","Swan","ON","ON_SWAN",2703
"WA",247,"SWAN","Swan","AFN","AFN_SWAN",243
"WA",247,"SWAN","Swan","AJP","AJP_SWAN",1247
"WA",247,"SWAN","Swan","AUC","AUC_SWAN",1626
"WA",247,"SWAN","Swan","FACN","FACN_SWAN",582
"WA",247,"SWAN","Swan","UAPP","UAPP_SWAN",1720
"WA",247,"SWAN","Swan","WAP","WAP_SWAN",1277
"WA",248,"TANG","Tangney","","Informal",4973
"WA",248,"TANG","Tangney","IND","HORTON",1933
"WA",248,"TANG","Tangney","IND","NATION",175
"WA",248,"TANG","Tangney","IND","WADDY",307
"WA",248,"TANG","Tangney","ALP","ALP_TANG",28828
"WA",248,"TANG","Tangney","LP","LP_TANG",52916
"WA",248,"TANG","Tangney","GRN","GRN_TANG",11217
"WA",248,"TANG","Tangney","ASP","ASP_TANG",244
"WA",248,"TANG","Tangney","ON","ON_TANG",2490
"WA",248,"TANG","Tangney","AFN","AFN_TANG",8
"WA",248,"TANG","Tangney","AJP","AJP_TANG",57
"WA",248,"TANG","Tangney","AUC","AUC_TANG",2326
"WA",248,"TANG","Tangney","FACN","FACN_TANG",17
"WA",248,"TANG","Tangney","UAPP","UAPP_TANG",1358
"WA",248,"TANG","Tangney","WAP","WAP_TANG",1262
